{
  "version": 1,
  "author": "Emma",
  "editor": "wokwi",
  "parts": [
    { "type": "wokwi-esp32-devkit-v1", "id": "esp", "top": 4.7, "left": 4.6, "attrs": {} },
    { "type": "wokwi-led", "id": "led1", "top": 25.2, "left": -44.2, "attrs": { "color": "red" } },
    {
      "type": "wokwi-pushbutton",
      "id": "btn1",
      "top": 131,
      "left": -115.2,
      "attrs": { "color": "green" }
    },
    { "type": "wokwi-led", "id": "led2", "top": 34.8, "left": 147.8, "attrs": { "color": "red" } },
    {
      "type": "wokwi-pushbutton",
      "id": "btn2",
      "top": 92.6,
      "left": -192,
      "attrs": { "color": "green" }
    }
  ],
  "connections": [
    [ "esp:TX0", "$serialMonitor:RX", "", [] ],
    [ "esp:RX0", "$serialMonitor:TX", "", [] ],
    [ "led1:C", "esp:GND.2", "green", [ "v0" ] ],
    [ "esp:D19", "led1:A", "green", [ "h0" ] ],
    [ "esp:D13", "btn1:1.r", "green", [ "h0" ] ],
    [ "btn1:2.r", "esp:GND.2", "green", [ "h29", "v-9.4" ] ],
    [ "led2:A", "esp:D18", "green", [ "v0" ] ],
    [ "led2:C", "esp:GND.1", "green", [ "v0" ] ],
    [ "esp:D12", "btn2:1.r", "green", [ "h-57.6", "v-29.5" ] ],
    [ "esp:GND.2", "btn2:2.r", "black", [ "h-19.2", "v38.3", "h-124.8" ] ]
  ],
  "dependencies": {}
}