{
  "version": 1,
  "author": "EMMA",
  "editor": "wokwi",
  "parts": [
    { "type": "wokwi-arduino-uno", "id": "uno", "top": -66.6, "left": 47.4, "attrs": {} },
    { "type": "chip-mq2-gas-sensor", "id": "chip1", "top": 183.42, "left": 388.8, "attrs": {} },
    {
      "type": "wokwi-lcd1602",
      "id": "lcd1",
      "top": -89.6,
      "left": 399.2,
      "attrs": { "pins": "i2c" }
    },
    {
      "type": "wokwi-led",
      "id": "led1",
      "top": -176.4,
      "left": 176.6,
      "attrs": { "color": "red" }
    },
    {
      "type": "wokwi-resistor",
      "id": "r1",
      "top": -120.85,
      "left": 115.2,
      "attrs": { "value": "220" }
    }
  ],
  "connections": [
    [ "chip1:VCC", "uno:5V", "red", [ "h0" ] ],
    [ "chip1:GND", "uno:GND.2", "black", [ "h0" ] ],
    [ "chip1:D0", "uno:2", "yellow", [ "h-57.6", "v-268.8" ] ],
    [ "chip1:A1", "uno:A1", "green", [ "h0" ] ],
    [ "lcd1:GND", "uno:GND.3", "black", [ "h-19.2", "v201.6", "h-128.8" ] ],
    [ "lcd1:VCC", "uno:5V", "red", [ "h-57.6", "v220.9", "h-138.2" ] ],
    [ "lcd1:SDA", "uno:A4", "purple", [ "h-38.4", "v192.2", "h-42.6" ] ],
    [ "lcd1:SCL", "uno:A5", "#8f4814", [ "h-9.6", "v154" ] ],
    [ "led1:A", "uno:2", "cyan", [ "v9.6", "h82.3" ] ],
    [ "led1:C", "r1:2", "black", [ "v0" ] ],
    [ "r1:1", "uno:GND.1", "black", [ "v28.8", "h47.7" ] ],
    [ "chip1:A0", "uno:A1", "green", [ "h0" ] ]
  ],
  "dependencies": {}
}