{
  "version": 1,
  "author": "Anonymous maker",
  "editor": "wokwi",
  "parts": [
    { "type": "wokwi-arduino-uno", "id": "uno", "top": 0.6, "left": -19.8, "attrs": {} },
    { "type": "wokwi-potentiometer", "id": "pot1", "top": -126.1, "left": -163.4, "attrs": {} }
  ],
  "connections": [
    [ "pot1:GND", "uno:GND.1", "black", [ "v28.8", "h230.4", "v9.6" ] ],
    [ "pot1:SIG", "uno:A0", "green", [ "v288", "h316.4", "v-19.2" ] ],
    [ "pot1:VCC", "uno:5V", "red", [ "v278.4", "h258.4", "v-9.6" ] ]
  ],
  "dependencies": {}
}